Bairro,Extrema Pobreza,Pobreza,Baixa Renda,Acima de 1/2 S.M.
AANCHIETA,0,0,1,0
AARI,1,0,2,0
ABOLICAO,662,16,81,161
ABOLICO,1,0,0,0
ABOLIOCAO,1,0,0,0
ABOOICAO,1,0,0,0
ACARAI,0,1,0,0
ACARI,4.517,1.013,954,469
ACARIA,1,0,0,0
ACARI RUA,1,0,0,0
ACARO,0,1,0,0
ACARU,1,0,0,0
ACHIETA,0,1,0,0
ACRAI,0,1,0,0
AGALHAES BASTOS,1,0,0,0
AGUA SA,1,0,0,0
AGUA SANTA,678,14,71,79
AJU,4,0,1,0
AL,1,0,0,1
ALAGADO,0,0,1,0
ALT,0,0,1,0
ALTO,1,3,0,1
ALTO BOA VISTA,4,0,2,2
ALTO DA BOA,0,0,1,0
ALTO DA BOAVISTA,1,0,0,0
ALTO DA BOA VISTA,327,108,168,141
ALTO SIMAO,0,0,1,0
AMARELINHO,1,0,0,0
AMARO AMAURI DOS SANTOS,0,0,1,0
AMDARAI,1,0,0,0
AMIL,1,0,0,0
AMORIM,0,1,0,0
AN,2,0,0,0
ANA,1,0,0,0
ANACHIETA,3,1,0,0
ANADARAI,1,1,0,0
ANARAI,1,0,0,0
ANC,0,1,0,0
ANCHEITA,4,2,0,2
ANCHETA,0,0,1,0
ANCHIEA,0,0,1,0
ANCHIET,1,0,0,0
ANCHIETA,4.372,755,998,769
ANCHIETE,1,0,0,0
ANCHIIETA,1,0,0,0
ANCHITA,1,1,0,0
ANCIETA,0,1,0,0
ANCIHETA,1,0,0,0
ANDA,1,0,0,0
ANDARA,1,0,0,0
ANDARAI,1.387,281,419,366
ANDARAII,2,0,0,0
ANDRAI,0,0,1,0
ANDREA FABRICIO DA SILVA,1,0,0,0
ANDREA MENDES CRUZ,1,0,0,0
ANGU,1,0,0,0
ANHIETA,1,0,0,0
ANI,1,0,0,0
ANIL,1.457,395,754,525
AN IL,0,0,0,1
ANILA,0,0,1,0
ANIL JACAREPAGUA,1,0,0,1
ANL,1,0,1,0
ANTA CRUZ,0,0,0,1
ANTARES,2,0,0,0
ANXIETA,1,0,0,0
ARARA,3,0,0,0
ARARA BENFICA,1,0,0,0
AREINHA,1,0,0,0
ASCARI,1,0,0,0
AUGUSTO VASCONCELOS,5,0,0,1
AV,1,0,0,0
AVENIDA,3,0,1,1
AVENIDCOSTA BARROS,1,0,0,0
AV ITAOCA,1,0,0,0
Localidade não preenchida,0,0,1,0
BA,1,0,0,0
BABGU,1,0,0,0
BAIRO,3,0,0,0
BAIRRO,275,1,0,3
BAIRRO CARIOCA,4,0,1,0
BAIRRO CURICICA,1,0,0,0
BAIRRO DE FATIMA,1,0,0,0
BAIRRO FILHOS,0,0,1,0
BAIRRO INHOAIBA,1,0,0,0
BAIRRO REALENGO,1,0,0,0
BAIXA,1,1,0,0
BAIXA DO SAPATEIRO,5,0,0,0
BAIXA SAPATEIRO,1,0,0,0
BAMGU,2,0,0,0
BANBGU,0,1,0,0
BANCARIOS,526,213,306,223
B ANCARIOS,1,0,0,0
BANCRARIOS,0,0,1,0
BANGIU,0,0,0,1
BANGO,0,0,2,0
BANGU,15.945,2.286,2.631,2.177
BA NGU,2,0,0,0
BANGU CANCELA PRETA,1,0,0,0
BANGU CATIRI,7,0,1,0
BANGUE,1,0,0,0
BANGUI,1,0,0,0
BANGU II,1,0,0,0
BANGUJ,0,0,0,1
BANGUU,0,1,0,0
BANGU VILA KENNEDY,1,0,0,0
BANNGU,1,0,0,0
BANRUA,1,0,0,0
BANU,1,0,0,1
BANUGU,1,0,0,0
BAQNGU,0,0,0,1
BARA DA TIJUCA,1,0,0,0
BARR,0,0,0,1
BARRA,1,0,0,0
BARRA DA TIJIUCA,0,0,1,0
B ARRA DA TIJUCA,0,0,0,1
BARRA DA TIJUCA,267,44,95,102
BARRA DE GUARATBA,1,0,0,0
BARRA DE GUARATIBA,338,50,55,75
BARRA DE GUARRTIBA,0,0,1,0
BARRA DE GUARTIBA,1,1,0,0
BARRA DE GURATIBA,1,0,0,0
BARRA DE TIJUCA,3,0,0,0
BARRA GUARATIBA,2,1,1,0
BARR DA TIJUCA,1,0,0,0
BARREIRA DO VASCO,19,0,0,0
BARRO FILHO,1,0,0,0
BARRO FILHOS,0,1,0,0
BARROS FIHO,2,1,0,0
BARROS FILGO,0,0,0,1
BARROS FILHO,1.518,295,307,176
BARROS FILHOA,1,0,0,0
BARROS FILHOS,11,5,0,0
BARRROS FILHO,0,1,0,0
BATAM,1,1,0,0
BATAN,6,0,0,0
BEBTO RIBEIRO,1,0,0,0
BECO,1,0,0,0
BECO COQUERAL,1,0,0,0
BECO DA GLORIA,1,0,0,0
BEENFICA,1,0,0,0
BEIRA RIO,2,0,0,0
BEMFICA,1,1,0,0
BEN,1,1,0,0
BENFIC,1,0,0,0
BENFICA,3.281,435,524,499
BENTO RBEIRO,1,0,0,0
BENTO REBEIRO,4,0,0,1
BENTO RIBEIRO,1.813,187,347,377
BENTO RIBERO,4,1,1,0
BNACARIOS,0,0,1,0
BNAGU,2,0,1,0
BO,1,0,0,0
BOATFOGO,1,1,0,3
BOIUNA,2,0,0,0
BOMSUCESSO,1,0,0,1
BONCESSO,0,0,0,1
BONSICESSO,1,0,0,0
BONSSUCESSO,0,0,0,1
BONSU,2,0,0,0
BONSUCESO,1,1,0,0
BONSUCESS0,3,0,0,0
BONSUCESSO,1.222,145,270,304
BONSUCESSO MARE,0,0,0,1
BONSUCESSO MARE BAIXA,0,0,2,0
BONSUCESSO MARE NOVA HOLANDA,0,2,0,0
BONSUCESSO MARE PARQUE UNIAO,0,0,1,0
BONSUCESSO MARE PINHEIRO,1,0,3,0
BONSUCESSO MARE TIMBAU,0,0,1,0
BONSUCESSO MARE VILA DO JOAO,0,1,0,0
BONSUCSSO,2,0,0,0
BORDA DO MATO,1,0,0,0
BOSUCESSO,3,1,0,0
BOTAFOFO,3,0,0,1
BOTAFOGO,1.199,113,367,544
BOTAFOGO1,0,0,0,1
BOTAFOGOL,1,0,0,0
BOTAFOGOQ,0,0,1,0
BOTFOGO,0,1,0,0
BOTOFAGO,1,0,2,0
BRAS,0,1,0,0
BRAS DE,1,0,0,0
BRAS DE OLIVEIRA,1,0,0,0
BRAS DE P,0,0,0,1
BRAS DE PINA,3.47,283,642,634
BRASDE PINA,1,0,0,0
BRAS DE PINARUA,3,0,0,0
BRAS DE PNA,1,0,0,0
BRAS DE PONA,1,0,0,0
BRAS DRE PINA,1,0,0,0
BRAS E PINA,0,0,0,1
BRAS PINA,1,0,1,0
BRAZ DE PINA,57,4,12,20
BRS DE PINA,1,0,0,0
BRUNO BERTO FARIA,0,1,0,0
BSNGU,0,1,0,0
BUNGU,0,0,1,0
Localidade não preenchida,2,0,1,0
CA,0,0,1,0
CA 02,1,0,0,0
CAACHAMBI,0,1,0,0
CACADURA,0,0,0,1
CACAMBI,1,0,0,0
CACHAMB,0,0,1,0
CACHAMBI,1.218,73,242,313
CACHAMI,1,0,0,0
CACUIA,384,133,193,166
CAFUNDA,1,0,0,0
CAHAMBI,2,0,0,0
CAJ,0,0,0,1
CAJU,4.948,286,632,655
CAJU7,1,0,0,0
CAJU PARQUE ALEGRIA,1,0,0,0
CAJUU,0,0,1,0
CAKI,1,0,0,0
CALVALCANTI,0,0,1,0
CAM,1,0,0,0
CAMAPO GRANDE,1,0,0,0
CAMILA PAMELA FRANCISCO DE SOUZA,1,0,0,0
CAMMPO GRANDE,1,0,0,0
CAMO,1,0,0,0
CAMO GRANDE,7,0,0,2
CAMOO GRANDE,0,1,0,0
CAMOP GRANDE,1,0,0,0
CAMOPO GRANDE,1,0,0,0
CAMORIM,427,85,134,124
C AMORIM,1,0,0,0
CAMP,0,1,0,0
CAMP0 GRANDE,0,0,2,0
CAMP0O GRANDE,0,0,1,0
CAMP GRANDE,5,0,2,3
CAMPI GRANDE,3,0,1,1
CAMPIMHO,1,0,0,0
CAMPINHO,590,79,137,122
CAMPIO GRANDE,0,0,1,0
CAMPNHO,1,0,0,0
CAMPO,2,0,0,1
CAMPO 0GRANDE,1,0,0,0
CAMPO DOS AFONSO,0,0,0,1
CAMPO DOS AFONSOS,4,0,2,1
CAMPO FGRANDE,0,0,1,0
CAMPO GANDE,14,0,0,2
CAMPO GARANDE,1,0,0,0
CAMPO GARNDE,1,1,1,2
CAMPO GRA,1,0,0,0
CAMPO GRADE,6,0,0,1
CAMPO GRADNE,1,0,0,0
CAMPO GRAMDE,2,0,0,0
CAMPO GRAND,1,0,0,0
CAMPOGRANDE,7,0,1,0
C AMPO GRANDE,0,0,1,0
CAMP OGRANDE,1,0,0,0
CAMPO GRANDE,22.164,1.739,3.158,3.898
CAMPO GRAN DE,2,0,0,0
CAMPO GRANDE3,0,0,1,0
CAMPO GRANDE4,0,0,0,1
CAMPO GRANDE BECO,1,0,0,0
CAMPO GRANDEQ,4,0,0,1
CAMPO GRANDE RJ,0,0,0,1
CAMPO GRANDE RUA,1,0,0,0
CAMPO GRANDW,1,0,0,0
CAMPO GRANE,2,0,0,0
CAMPO GRANGE,1,0,0,0
CAMPO GRANNDE,1,0,0,0
CAMPO GRAQNDE,1,0,0,0
CAMPO GREANDE,2,0,0,0
CAMPO GRNADE,2,1,0,0
CAMPO GRNDE,9,1,0,1
CAMPO GTANDE,1,0,0,0
CAMPO GTRANDE,1,0,0,0
CAMPO GTRANMDE,1,0,0,0
CAMPOI GRANDE,2,0,0,0
CAMPO MGRANDE,0,0,1,0
CAMPOM GRANDE,2,0,0,0
CAMPO NGRANDE,1,0,0,0
CAMPONHO,0,0,0,1
CAMPOO GRANDE,2,0,0,0
CAMPOP GRANDE,2,1,0,0
CAMPO RANDE,1,0,0,1
CAMPP GRANDE,0,0,0,1
CAMPPO GRANDE,3,0,0,1
CANCELA PRETA,3,0,0,0
CANDIDO MAGALHAES,3,0,0,0
CANMPO GRANDE,1,0,0,0
CANORIM,0,0,0,1
CANPO GRANDE,1,0,0,0
CANTAGALO,0,0,0,1
CAOSMOS,1,0,0,0
CAPINHO,1,0,0,0
CAPOEIRA GRANDE,1,0,0,0
CAPO GRANDE,2,2,0,0
CARDOVIL,0,0,0,1
CARIOCA,1,1,0,0
CARLOS ALBERTO ALVES MARTINS,1,0,0,0
CARU,0,0,1,0
CAS,2,0,0,0
CASA,0,1,0,0
CASACADURA,1,0,0,0
CASACDURA,3,1,0,0
CASADURA,0,0,0,1
CASCADRURA,1,0,0,0
CASCADURA,2.009,198,382,347
CASCADURA Q,1,0,0,0
CASCARURA,1,0,0,0
CASCAURA,1,0,0,0
CASCDAURA,1,0,0,0
CASCDURA,2,0,0,0
CASMPO GRANDE,3,0,0,0
CASTA BARROS,0,0,1,0
CASTELO,1,0,0,0
CATET,2,0,0,0
CATETE,544,44,113,153
CATIA DOS SANTOS FERREIRA,1,0,0,0
CATIRI,10,0,0,0
CATUMBI,1.274,175,280,251
CATUMNI,1,0,0,0
CAVACANTI,1,0,0,0
CAVALACANTE,1,0,0,0
CAVALCANTE,42,3,3,9
CAVALCANTI,1.092,125,179,162
CAVALCATE,1,0,0,0
CAVALCATI,1,0,0,0
CAVALVANTI,2,1,0,0
CAVLACANTI,1,0,1,0
CCAMPO GRANDE,2,0,0,0
CCASCADURA,1,0,0,0
CCENTRO,1,0,0,0
CCOELHO NETO,0,0,0,1
CCOMPLEXO DO ALEMAO,1,0,0,0
CCOSTA BARROS,1,0,0,0
CDADE DE DEUS,1,0,0,0
CDD,1,0,0,0
CE,1,0,0,0
CEN,2,0,0,0
CENMTRO,1,0,0,0
CENRO,2,0,0,0
CENTEO,1,0,1,0
CENTR,1,0,0,0
CENTRAL,3,0,0,0
CENTRO,5.341,160,383,700
CE NTRO,2,0,0,0
CENTRO 1,1,0,0,0
CENTRO DA CIDADE,2,0,0,0
CENTRO N,13,2,0,2
CENTRO Q,1,0,0,0
CENTRP,0,0,0,1
CENTYRO,1,0,0,0
CESARAO,0,1,1,1
CESARI ODE MELO,1,0,0,0
CESAR MAIA,1,0,0,0
CETRO,1,0,1,0
CEWNTRO,1,0,0,0
CHACARA DO CEU,5,1,2,1
CHAPADAO,1,0,0,0
CHARACA DO CEU,2,0,0,0
CI,0,0,1,2
CIADADE DE DEUS,1,0,0,1
CIADE DE DEUS,1,0,0,0
CIDADADE DE DEUS,1,0,0,0
CIDADE,1,1,1,0
CIDADE ALTA,0,1,0,0
CIDADE D DEUS,0,0,1,0
CIDADE DE,1,0,0,0
CIDADE DE DE,1,0,0,0
CIDADE DE DE DEUS,9,0,0,2
CIDADE DE DESU,3,1,0,0
CIDADE DE DEU,1,0,0,0
CIDADE DE DEUS,9.539,756,1.147,854
CIDADE DE DEUS3,1,0,0,0
CIDADE DE E DEUS,1,0,0,0
CIDA DE DEUS,2,0,0,0
CIDADE DEUS,2,0,0,0
CIDADE NOVA,420,79,98,120
CIDADE UNIVERCITARIA,1,0,0,0
CIDADE UNIVERSITARIA,106,27,95,78
CIDADE UNIVESITARIA,1,0,0,1
CIDAE DE DEUS,1,0,0,0
CIDAE NOVA,0,1,0,0
CIOSTA BARROS,1,0,0,0
CIPACABANA,0,0,0,1
CIRICICA,1,0,0,0
CIVENTE DE CARVALHO,1,0,0,0
CJACARE,1,0,0,0
CLEGIO,0,1,0,0
CMPLEXO DO ALEMAO,1,0,0,0
CMPO GRANDE,3,0,2,0
CNTRO,0,0,0,1
COAPCABANA,1,0,0,0
COCOTA,199,49,83,101
CODADE DE DEUS,1,0,0,0
COELGIO,3,0,0,0
COELH0 NETO,1,0,0,0
COELHO NET0,1,0,0,0
COELHO NETO,2.907,240,439,448
COELHO N ETO,1,0,0,0
COELHO NRETO,1,0,0,0
COELHOP NETO,3,0,0,0
COELJHO NETO,1,0,0,0
COHAB,0,0,1,0
COLEGIO,2.288,400,422,284
COLEGIOI,1,0,1,0
COLEHO NET0,1,0,0,0
COLEHO NETO,3,0,0,0
COLGIO,0,0,1,0
COLHO NETO,1,0,1,0
COLOGIO,1,0,0,0
COLONIA,14,3,1,1
COLONIA JACAREPAGUA,1,0,0,0
COLONIA JULIANO MOREIRA,0,0,1,0
COMLEXO DO ALEMAO,1,1,0,0
COMOLEXO DO ALEMAO,0,0,1,0
COMOS,2,1,0,0
COMPELXO DO ALEMAO,1,0,0,0
COMPEXO DO ALEMAO,14,1,1,3
COMPLEXO ALEMAO,7,5,2,0
COMPLEXO D ALEMAO,2,0,0,0
COMPLEXO DA MARE,2,0,0,0
COMPLEXO DA PENHA,14,1,4,2
COMPLEXO DE ALEMAO,19,1,1,2
COMPLEXO DO ALEMAO,10.429,1.398,1.949,1.445
COMPLEXO DO ALEMAO GROTA,1,0,0,0
COMPLEXO DO ALEMAOO,1,0,0,0
COMPLEXO DO ALEMAORUA,10,3,1,3
COMPLEXO DO ALEMAOTR,1,0,0,0
COMPLEXO DO ALEMNAO,1,0,0,0
COMPLEXO DO ALEMO,7,1,2,0
COMPLEXO DO CAMPINHO,1,0,0,0
COMPLEXO DO MEIO,1,0,0,0
COMPLEXON DO ALEMAO,1,0,0,0
COMPLEXO O ALEMAO,1,0,0,0
COMPLXO DO ALEMAO,0,1,0,0
COMUNIDADE,1,0,0,0
COMUNIDADE DO BOREL,1,0,0,0
CONJUNTO,1,0,0,0
COOLEGIO,1,0,0,0
COOMPLEXO DO ALEMAO,19,4,4,1
COOSMOS,0,1,0,0
COPABACANA,1,0,0,0
COPACAABAN,1,0,0,0
COPACAABANA,0,0,0,1
COPACABA,0,0,0,1
COPACABAANA,1,0,1,0
COPACABABA,0,1,0,0
COPACABANA,2.316,367,725,773
COPACABANA R,1,0,0,0
COPACAVABA,0,0,0,1
COPACBAANA,0,0,1,0
COPACBANA,0,0,1,0
COPAQQCABANA,1,0,0,0
COPCABANA,2,0,1,2
COPLEXO DO ALEMAO,1,0,0,0
COPPACABANA,0,1,0,1
COR,1,0,0,0
CORD,1,0,0,0
CORDIVIL,1,0,0,0
CORDOVIL,3.47,249,489,502
CORDOVILRUA,1,0,0,0
CORDOVL,1,0,0,0
CORDOVOL,1,0,0,0
COROADO,0,0,1,0
COROVIL,6,1,0,1
COSA BARROS,0,1,0,0
COSM0,1,0,0,0
COSME VELHO,385,30,71,65
COSMO,31,10,10,0
COSMOS,6.523,786,1.038,990
C OSMOS,1,0,0,0
COSMOS 1,0,1,0,0
COSMOSQ,0,0,0,1
COSMS,0,0,1,0
COSNIS,1,0,0,0
COSTA,3,0,0,0
COSTA ARROS,1,0,0,0
COSTA BAARROS,1,0,0,0
COSTA BAROOS,0,2,0,0
COSTA BAROS,1,0,2,0
COSTA BARRAOS,1,0,0,0
COSTA BARRO,0,2,1,0
COSTA BARROD,0,1,0,0
COSTABARROS,2,0,0,0
COSTA BARROS,5.675,930,1.056,651
COSTA BARROSBECO,1,0,0,0
COSTA BARRROS,1,0,1,0
COSTA BASTOS,2,0,0,0
COSTA BRROS,1,0,0,0
COSTAS BARROS,3,1,0,0
COST BARROS,1,0,0,0
COTA BARROS,0,1,0,1
CRICICA,1,0,0,0
CS 2,1,0,0,0
CSCADURA,0,0,1,0
CSOTA BARROS,1,1,1,0
CSTA BARROS,0,0,1,0
CUR,0,1,0,0
CURCICA,9,3,2,0
CURI,1,0,0,0
CURICA,2,0,0,0
CURICIA,3,0,2,1
CURICIACA,0,1,0,0
CURICICA,4.499,891,1.344,1.072
CURICICA JACAREPAGUA,0,1,1,0
CURICICA TAQUARA,0,0,1,0
CURIICA,1,0,0,0
CURIR,1,0,0,0
CURIRICA,0,0,1,0
CURUCICA,2,0,0,1
CURUMAU,1,0,0,0
CWNTRO,1,0,0,0
CXAMPO GRANDE,3,0,0,0
CXURICICA,1,0,0,0
DAMIANA RODRIGUES DA SILVA,1,0,0,0
DDEL CASTILHO,1,0,0,0
DEDODRO,1,0,0,0
DEDORO,0,0,1,1
DEL CASTILHIO,1,0,0,0
DEL CASTILHO,1.359,56,200,208
DEL CASTILJO,1,0,0,0
DEL CASTLHO,0,1,0,0
DEL CATILHO,1,0,0,0
DENDE,1,0,0,0
DEOD0RO,1,0,0,0
DEODEORO,1,0,0,0
DEODODRO,1,0,0,0
DEODOR,2,0,0,0
DEODORA,1,0,0,0
DEODORO,858,119,141,91
DEODOROGUADALUPE,0,0,0,1
DEODRO,2,2,0,0
DE VASCONCELOS,1,0,0,0
DOIS DE MAIO,1,0,0,0
DOIS IRMAOS,0,1,0,0
DRENO,1,0,0,0
DUMA8,1,0,0,0
Localidade não preenchida,0,1,0,0
EDADE,1,0,0,0
EIO COMPRIDO,1,0,0,0
ELIZABETE REIS OLIVEIRA,0,1,0,0
EMGENHEIRO LEAL,1,0,0,0
EMGENHO DE DENTRO,1,0,0,0
ENADOR CAMARA,0,1,0,0
ENCANT,1,0,0,0
ENCANTA,1,0,1,0
ENCANTADA,0,0,0,1
ENCANTADO,1.281,39,128,219
ENCANTADOI,1,0,0,0
ENCANTANDO,1,0,0,0
ENCONTRO,1,0,0,0
ENEGENHEIRO LEAL,1,0,0,0
ENEGENHO DA RAINHA,0,0,0,1
ENEGENHO NOVO,0,0,1,0
ENEGNHO NOVO,0,0,0,1
ENENHO NOVO,1,0,0,0
ENG,1,0,0,0
ENG DA RAINHA,1,0,0,0
ENGE,0,0,0,1
ENGEHO DA RAINHA,0,0,0,1
ENGEHO DE DENTRO,1,0,0,0
ENGEHO NOVO,1,0,0,0
ENGEMNHEIRO LEAL,1,0,0,0
ENGENEHIRO LEAL,5,0,0,0
ENGENGO DA RAINHA,1,0,0,1
ENGENH,2,0,0,0
ENGENH DE DENTRO,1,0,0,0
ENGENHEIO LEAL,1,0,0,0
ENGENHEIRO LEAL,492,70,92,65
ENGENHEIRO LEL,0,0,1,0
ENGENHERIO LEAL,1,0,0,0
ENGENHO,8,0,0,0
ENGENHO A RAINHA,1,0,0,0
ENGENHO D,1,0,0,0
ENGENHO DA DE DENTRO,2,0,0,0
ENGENHO DA RAIHA,0,0,0,1
ENGENHO DA RAINHA,2.01,73,235,291
ENGENHO D DENTRO,1,0,0,0
ENGENHO DE DCENTRO,0,0,0,1
ENGENHO DE DENRTO,0,1,0,0
ENGENHO DE DENTO,3,0,0,0
ENGENHO DE DENTRO,4.212,103,476,706
ENGENHODE DENTRO,0,1,0,0
ENGENHO DE MDENTRO,1,0,0,0
ENGENHO DE NOVO,1,0,0,0
ENGENHO DENTRO,1,0,1,0
ENGENHO D ENTRO,1,0,0,0
ENGENHO DFA RAINHA,1,0,0,0
ENGENHO DO RAINHA,2,1,0,0
ENGENHOI DA RAINHA,1,0,0,0
ENGENHOI NOVO,1,0,0,0
ENGENHO NOCO,0,0,0,1
ENGENHO NOIVO,0,0,1,0
ENGEN HO NOVO,1,0,0,0
ENGENHO NOVO,3.571,224,636,657
ENGENHO RAINHA,0,0,1,0
ENGENHO VONO,2,0,0,0
ENGENJHO DA RAINHA,0,0,0,1
ENGEN NOVO,1,0,0,0
ENGENO NOVO,1,0,0,0
ENGHENHO NOVO,1,0,0,0
ENGNEH0 NOVO,1,0,0,0
ENGNEHO DE DENTRO,1,0,0,0
ENGNHO NOVO,2,0,0,0
ENHENHO NOVO,1,1,0,0
ENHGENHO NOVO,1,0,0,0
ENNGENHO DE DENTRO,1,0,0,0
ENTRO,1,0,0,0
EN TRO,1,0,0,0
ERENICIA GOMES VITAL,1,0,0,0
ESTACIO,1.775,257,451,364
ESTACUI,0,0,0,1
ESTRADA,4,2,0,0
ESTRADA BOUGAINVILLE,0,0,1,0
ESTRADA DA PEDRA,1,0,0,0
ESTRADA DAS CANOAS,1,0,0,0
FALLET,2,0,0,0
FAZENDA BOTAFOGO,5,0,1,2
FEREGUESIA JACAREPAGUA,1,0,0,0
FERNANDA FARIAS LEAL,1,0,0,0
FLAMENGO,361,26,93,157
FORMIGA,2,0,0,0
FRAGUESIA,0,0,0,1
FRE,1,0,1,0
FREGUESIA,1.105,294,460,375
FREGUESIA DE JACAREPAGUA,0,0,0,1
FREGUESIA ILHA,1,0,0,0
FREGUESIA ILHA DO GOVERNADOR,0,0,0,1
FREGUESIA JACAREAPAGUA,1,0,0,0
FREGUESIA JACAREPAGUA,719,100,191,211
FREGUESIAJPA,0,0,1,0
FREGUESIA JPA,87,11,35,24
FREGUESIAS,0,1,0,0
FREQUESIA,2,0,0,0
FRERGUESIA,1,0,0,0
FRGUESIA,0,0,1,0
FUNDAO,0,0,1,0
Localidade não preenchida,1,1,0,0
GA,1,0,0,0
GABINAL,1,0,0,0
GADERNIA AZUL,2,0,0,0
GAEAO,0,1,0,0
GALAEAO,1,0,0,0
GALEA0,1,0,0,0
GALEAI,1,0,0,0
GALEAO,1.946,533,706,368
GALEAOP,0,0,0,1
GALEO,5,1,2,2
GALEOA,1,1,0,0
GAMBA,1,0,0,0
GAMBO,1,0,0,0
GAMBOA,2.303,63,133,263
GAMGOA,1,0,0,0
GAR,1,0,0,0
GARATIBA,2,2,0,0
GARDE,2,4,1,0
GARDE AZUL,0,0,2,0
GARDEINA AZUL,0,1,0,0
GARDEMIA AZUL,3,1,1,2
GARDENI,1,0,0,0
GARDENIA,11,3,2,0
GARDENIAAZUL,1,0,0,0
GARDENIA AZUL,1.928,568,881,444
GARDENI AZUL,1,0,1,1
GARDENIA ZUL,2,0,0,0
GAREDENIA AZUL,0,1,0,0
GAREDNIA AZUL,0,1,0,0
GARENIZA AZUL,0,0,1,0
GARNDENIA AZUL,0,0,0,1
GAUDALUPE,3,1,1,0
GAURATIBA,0,1,1,1
GAVEA,171,25,41,50
GERSON ALVES FILHO,0,1,0,0
GFUADALUPE,0,1,0,0
GHUARATIBA,0,1,0,0
GIADALUPE,1,0,0,0
GLORIA,489,42,71,98
GLORIAQ,1,0,0,0
GOMBOA,0,1,0,0
GRAJA,1,0,1,0
GRAJAU,817,178,258,261
GRAJAUA,1,0,0,0
GRAJAUQ,0,0,1,0
GRJAU,0,0,0,1
GRUMARI,14,3,1,0
GSMBOA,1,0,0,0
GU,1,0,0,1
GUA,0,0,1,0
GUAARATIBA,6,0,0,1
GUABRATIBA,1,0,0,0
GUADA,3,0,1,0
GUADALEPU,0,0,0,1
GUADALIPE,0,0,0,1
GUADALPE,1,0,0,0
GUADALU,1,1,0,0
GUADALUOE,1,0,0,0
GUADALUPE,4.024,599,805,789
GUADALUPEA,1,0,0,0
GUADALUPR,1,0,0,0
GUADALUPWE,1,0,0,0
GUADAPUPE,1,0,0,0
GUADAUPE,3,0,0,0
GUADLUPE,1,1,0,1
GUAGALUPE,1,0,0,0
GUAGRATIBA,1,0,0,0
GUANDU,4,0,0,0
GUARA,2,0,0,0
GUARABU,1,0,0,0
GUARAIBA,1,0,0,0
GUARASTIBA,1,0,0,0
GUARAT,1,0,1,0
GUARATAIBA,5,0,0,0
GUARATGIBA,0,0,1,0
GUARATIB,1,1,0,0
GUARATIBA,12.215,2.382,2.63,1.855
GUA RATIBA,1,0,0,0
GUARA TIBA,1,0,0,0
GUARATI BA,2,0,0,0
GUARATIB A,1,0,0,0
GUARATIBAA,1,0,0,0
GUARATIBAESTR,1,0,0,0
GUARATIBARU,1,1,0,0
GUARATIBARUA,2,0,1,0
GUARATIBBA,1,0,0,0
GUARATIIBA,1,0,0,0
GUARATIKBA,0,0,1,0
GUARATINA,2,0,0,0
GUARATRIBA,1,0,0,0
GUARATUBA,0,0,1,0
GUARDALUPE,0,1,0,0
GUARDENIA AZUL,1,0,0,0
GUARTAIBA,4,1,0,0
GUARTIBA,8,2,2,1
GUATAIBA,0,0,0,1
GUATATIBA,1,0,1,0
GUAVRATIBA,0,1,0,0
GUBARATIBA,1,0,0,0
GUDALUPE,5,2,0,0
GUIADALUPE,2,1,0,0
GUIARATIBA,0,0,1,0
GURATIBA,19,12,7,1
GUSDALUPE,1,0,0,0
GUSRATIBA,1,0,0,0
GYADALUPE,1,0,0,0
GYARATIBA,1,0,0,0
Localidade não preenchida,1,0,0,0
HGIENOPOLIS,0,0,0,1
HIGEINOPOLIS,0,0,1,0
HIGENOPOLIS,0,1,0,0
HIGIEMOPOLIS,1,0,0,0
HIGIENOLPOLIS,1,0,0,0
HIGIENOPOLIS,583,171,172,176
HIGIENPOLIS,1,0,0,1
HIGINOPOLIS,2,0,0,0
HIGIRNOPOLIS,1,0,0,0
HOGIENOPOLIS,1,1,0,1
HOGOENOLOPIS,1,0,0,0
HONIRIO GURGEL,1,0,0,0
HONO,0,0,1,0
HONORIO,2,0,0,0
HONORIO GRUGEL,1,0,0,0
HONORIO GUEGEL,1,0,0,0
HONORIO GUERGEL,1,0,0,0
HONORIO GUIRGEL,3,0,0,0
HONORIO GURG,1,0,0,0
HONORIOGURGEL,0,0,0,1
HONORIO GURGEL,2.149,190,329,326
HONORIO GURGRL,1,0,0,0
HONORIO GURGUEL,2,0,0,0
HONORORIO GURGEL,1,0,0,0
HORNORIO GURGEL,1,0,0,0
HUMAITA,58,4,25,63
Localidade não preenchida,2,0,0,0
IHNOAIBA,0,0,0,1
IHOAIBA,0,1,0,0
IILHA DO GOVERNADO,1,0,1,0
IINHOAIBA,3,0,0,1
IIPANEMA,1,0,0,1
IIRAJA,0,0,0,1
ILHA,1,0,0,0
ILHA DE GUARATIBA,5,3,5,0
ILHA DE PAQUETA,6,0,0,2
ILHA DO FUNDAO,1,0,0,0
ILHA DO GOVERNADO,0,1,0,0
ILHA DO GOVERNADOR,15,0,0,2
ILHA DO GOVERNADOR BANCARIOS,0,0,1,0
IMHAUMA,2,0,0,0
INAHUMA,3,0,0,0
INHAHUMA,2,0,0,0
INHAIBA,1,0,0,1
INHAIMA,1,0,0,0
INHAMA,1,0,0,0
INHAOAIBA,1,0,0,0
INHAOIAB,1,0,0,0
INHAOIABA,2,0,0,0
INHAOIBA,6,2,0,1
INHAUMA,2.24,121,362,381
INHAUMJA,0,0,0,1
INHAUMMA,1,0,0,0
INHJAUMA,1,0,0,0
INHOA,1,0,0,0
INHOABA,3,0,0,1
INHOAI,2,0,0,0
INHOAIABA,2,1,1,0
INHOAIBA,6.633,657,808,829
IN HOAIBA,0,1,0,0
INHOAIBAS,1,0,0,0
INHOAIBBA,1,0,0,0
INHOAIBEA,1,0,0,0
INHOAIBS,1,0,0,0
INHOAINA,1,0,0,0
INHOI,0,1,0,0
INHOIABA,9,0,1,1
INHOIAIBA,1,0,0,0
INHOIBA,12,1,2,1
ININHAUMA,0,0,0,1
INJHAUMA,1,0,0,0
INJHOAIBA,1,0,0,0
INOAIBA,2,0,0,0
INS DE VASCONCELOS,1,0,0,0
INTAMHANGA,0,1,0,0
IOTA,1,0,1,0
IPANEM,1,0,0,0
IPANEMA,894,99,200,200
IPANEMA D,0,0,1,0
IRA,2,0,1,0
IRAJ,0,0,1,0
IRAJA,3.152,557,900,927
IRA JA,0,1,0,0
IRAJAA,1,0,0,0
IRAJACARI,1,0,0,0
IRANHANGA,1,0,0,0
IRJA,0,1,0,0
IRTA,1,0,0,0
ISANTA CRUZ,1,0,0,0
ITA,11,0,15,2
ITA0,1,0,0,0
ITAA,0,0,1,0
ITAHANGA,2,1,1,0
ITAIBA,1,0,0,0
ITAM,0,1,1,0
ITAMJA,0,1,0,0
ITAN,2,0,1,0
ITANA,0,0,1,0
ITANGANGA,1,0,0,0
ITANH,4,1,1,2
ITANHA,2,0,3,1
ITANHAA,0,0,1,0
ITANHAGA,11,1,6,4
ITANHAN,3,3,0,0
ITANHANA,0,0,1,0
ITANHANAGA,1,0,0,0
ITANHANG,1,0,0,0
ITANHANGA,3.209,1.013,1.519,682
ITAN HANGA,1,0,0,0
ITANHANGARU,1,0,1,0
ITANHANGA RUA,1,1,1,0
ITANHANGAS,1,0,0,0
ITANHANHA,2,1,0,0
ITANHN,1,0,1,0
ITANHNAGA,3,0,2,0
ITANHNGA,0,0,1,0
ITAQNHA,2,0,0,0
ITARARE,0,0,0,1
ITNAHANGA,1,0,2,0
ITRA,0,1,1,0
IVANIL PEREIRA DOS SANTOS,0,0,0,1
Localidade não preenchida,1,0,0,0
J A,2,0,0,0
JAACRE,2,0,0,0
JAARDIM AMERICA,1,0,0,0
JAAREPAGUA,1,0,0,0
JABOUR,0,0,0,1
JACA,0,1,0,0
JACAEPAGUA,1,0,0,0
JACAPAGUA,0,1,0,0
JACAR,0,0,1,0
JACARAPEGUA,2,0,0,0
JACARARAPAGUA,0,1,0,0
JACARE,4.124,829,681,570
JACAREAPAGUA,2,0,0,0
JACAREAPGUA,2,0,0,1
JACAREBARROS FILHO,0,1,0,0
JACAREGUA,0,0,0,1
JACAREPA,1,0,0,0
JACAREPAGA,0,0,1,0
JACAREPAGAU,0,1,0,0
JACAREPAGU,1,0,0,1
JACAREPAGUA,4.247,1.303,1.953,1.059
JACARE PAGUA,1,0,0,0
JACAREPAGUA CIDADE DE DEUS,2,0,0,0
JACAREPAGUA CURICICA,0,1,0,0
JACAREPAGUA FREGUESIA,1,0,0,0
JACAREPAGUA TAQUARA,1,0,0,0
JACAREPAQUA,0,0,0,1
JACAREPAUA,0,0,0,1
JACAREPEGUA,1,1,0,2
JACAREPGUA,1,1,0,1
JACAREZIBHO,1,0,0,0
JACAREZIHO,1,0,0,0
JACAREZINH,1,0,0,0
JACAREZINH0,1,0,0,0
JACAREZINHA,0,1,0,0
JACAREZINHO,1.842,231,288,289
JACAREZINNHO,0,1,0,0
JACAREZINO,1,0,0,0
JACAREZNHO,0,0,0,1
JACAREZXINHO,1,0,0,0
JACRE,0,0,0,1
JACREPAGUA,4,1,1,0
JADIM CARIOCA,1,0,0,0
JAQCAREPAGUA,0,0,0,1
JAQUELINE GONALVES DA SILVA,1,0,0,0
JAQUELINE OLIVEIRA DE SOUZA,1,0,0,0
JAR,1,0,0,0
JARDI9M CARIOCA,0,0,1,0
JARDIM,0,0,1,0
JARDIM AMERIC,1,0,0,0
JARDIM AMERICA,2.805,387,638,497
JARDIM AMREICA,1,0,0,0
JARDIM AMRICA,0,0,1,0
JARDIM ANERICA,0,0,1,0
JARDIM BANGU,22,3,4,4
JARDIM BOTANICO,117,12,48,71
JARDIM BOTANICP,1,0,0,0
JARDIM CARICA,1,0,1,0
JARDIM CARIO,0,1,0,0
JARDIM CARIOA,0,0,0,1
JARDIM CARIOCA,942,346,505,386
JARDIM GUANABARA,108,40,51,82
JARDIM GUARATIBA,2,2,0,0
JARDIM MARAVILHA,3,2,0,0
JARDIM PALMARES,2,0,0,0
JARDIM PALMARES PACIENCIA,2,0,0,0
JARDIM SUCACAP,0,0,1,0
JARDIM SULACAMP,0,1,0,1
JARDIM SULACAP,228,28,48,60
JARDIM SULA CAP,1,0,0,0
JARDIM VARIOCA,1,0,0,0
JAREPAGUA,1,0,0,0
JARIM CARIOCA,0,0,1,0
JCARE,0,0,0,1
JCAREPAGUA,0,1,0,0
JD CARIOCA,1,0,0,0
JESUITAS,2,0,0,0
JHARDIM CARIOCA,1,0,0,0
JOA,1,0,1,1
JOAO NUNES SALDANHA,1,0,0,0
JOAO RIBEIRO,1,0,0,0
JOHNATA FERREIRA DA SILVA,1,0,0,0
JORDAO,1,0,0,0
JOSE AUGUSTO MARTINS DE OLIVEIRA,1,0,0,0
JQCQREZINHO,0,0,0,1
JULIANA MOREIRA DA SILVA,0,0,1,0
JUQUERI,0,0,0,1
KELSOM PENHA CIRCULAR,1,0,0,0
KELSON,2,0,0,0
KOSMOS,1,0,0,0
LAGOA,33,1,8,22
LAGOA DA BARRA,1,0,0,0
LAPA,64,4,5,5
LARANJAIRAS,1,0,0,0
LARANJEIRA,7,0,0,0
LARANJEIRAS,810,20,89,125
LARANJEIREAS,0,0,0,1
LARGO DO 40 MAGARCA,0,0,1,0
LARNJEIRAS,1,0,0,0
LBLON,1,0,0,0
LEBLON,183,14,79,143
LEME,448,75,160,134
LEMOS,1,0,0,0
LEOPOLDINA,1,0,0,0
LIINS DE VASCONCELOS,1,0,0,0
LINAS DE VASCONCELOS,0,0,1,0
LINHA VERDE,1,0,0,0
LINS,2,0,1,3
LINSA DE VASCONCELOS,1,0,0,0
LINS DE BVASCONCELOS,1,0,0,0
LINS DE LINS DE VASCONCELOS,0,0,1,0
LINS DE VAACONCELOS,1,0,0,0
LINS DE VACONCELOS,16,1,0,1
LINS DE VADONCONCELOS,1,0,0,0
LINS DE VANCOCELOS,1,0,0,0
LINS DE VANCONCELOS,2,0,0,0
LINS DE VANSCONCELOS,0,0,1,0
LINS DE VASCCONCELOS,0,0,1,0
LINS DE VASCNCELOS,1,0,1,0
LINS DE VASCOCELOS,17,0,1,1
LINS DE VASCOCNELOS,0,0,1,0
LINS DE VASCOELOS,1,0,0,0
LINS DE VASCONCELLOS,1,0,0,0
LINS DE VASCONCELO,1,0,0,0
LINS DEVASCONCELOS,5,1,0,0
LINS DE VASCONCELOS,3.731,164,476,517
LINS DE V ASCONCELOS,0,0,1,0
LINSDE VASCONCELOS,1,0,0,0
LINS DE VASCONCELOSQ,1,0,0,0
LINS DE VASCONCELS,0,0,0,1
LINS DE VASCONCELSO,1,0,0,0
LINS DE VASCONCLOS,1,0,0,0
LINS DE VASCONCOLOS,0,0,1,0
LINS DE VASCONCONCELOS,1,0,0,0
LINS DE VASCONELOS,1,0,0,0
LINS DE VASCONSELOS,0,0,0,1
LINS DE VASCOVELOS,1,0,0,0
LINS DE VASNCONCELOS,0,0,0,1
LINS DE VASOCNCELOS,1,0,0,0
LINS DE VASONCELOS,3,0,3,1
LINS DE VASSCONCELOS,0,0,0,1
LINS DE VSCONCELOS,1,0,1,0
LINS E VASCONCELOS,1,0,0,0
LINS VASCONCELLOS,1,0,0,0
LINS VASCONCELO,1,0,0,0
LINS VASCONCELOS,7,1,0,1
LIS DE VASCONCELOS,0,0,1,0
LIS E VASONCELOS,1,0,0,0
LISN DE VASCONCELOS,1,0,0,0
LUCIO FLAVIO DE SOUSA FELISBERTO DE OLIVEIRA,1,0,0,0
LUIZ OTAVIO DIAS PEREIRA,1,0,0,0
MA,1,1,0,0
MABGUEIRA,1,0,0,0
MACILIO DIAS,1,0,0,0
MADU,1,0,0,0
MADUEIRA,10,1,0,2
MADUEIRA1,1,0,0,0
MADUEREIRA,2,0,0,0
MADUIREIRA,0,0,0,1
MADUREIEA,1,0,0,0
MADUREIRA,4.228,392,667,609
MADURERIA,1,0,0,0
MADURERIRA,1,0,0,0
MADUREUARA,0,1,0,0
MADURIRA,2,0,0,0
MADUTEIRA,1,0,0,0
MAE,1,0,0,0
MAERE,0,1,0,0
MAGA BASTOS,1,0,0,0
MAGAHAES BASTOS,1,0,0,1
MAGALAES BASTOS,1,0,0,0
MAGALAHES BASTOS,9,0,2,2
MAGALHAE BASTOS,1,0,1,0
MAGALHAES,1,0,0,0
MAGALHAES BASTO,1,1,1,1
MAGALHAES BASTODS,0,0,0,1
MAGALH AES BASTOS,1,0,0,0
MAGALHAES BASTOS,1.865,230,361,320
MAGALHAES BATOS,0,0,1,1
MAGALHAES DE BASTOS,2,1,1,0
MAGALHAES MALLET,1,0,0,0
MAGALHAS BASTOS,3,0,0,0
MAGALHES BASTOS,4,0,1,0
MAGALHGAES BASTOS,1,0,0,0
MAGARCA,4,1,1,0
MAGLHAES BASTOS,1,0,0,0
MAGUEIRA,3,0,0,0
MAGUINHOS,6,1,1,1
MALLET,0,0,1,0
MAMDUREIRA,1,0,0,0
MAN1,1,0,0,0
MANDELA,2,0,0,0
MANGARATIBA,2,0,0,0
MANGEIRA,0,0,0,1
MANGINHOS,1,0,0,0
MANGUARIBA,4,0,0,1
MANGUEIR,1,0,0,0
MANGUEIRA,5.286,63,266,471
MANGUEIR A,3,0,0,0
MANGUEIRQA,1,0,0,0
MANGUERA,1,0,0,0
MANGUERIA,4,0,0,0
MANGUIEIRA,2,0,0,0
MANGUIERA,1,0,0,0
MANGUIHOS,1,1,1,0
MANGUINHHOS,1,0,0,0
MANGUINHIOS,0,0,1,0
MANGUINHO,5,4,7,2
MANGUINHOA,0,0,0,1
MANGUINHOD,1,0,0,0
MANGUINHOIS,0,0,1,0
MANGUINHOOS,1,0,0,0
MANGUINHOS,3.653,576,709,525
MANGUINHOS CONJUNTO,0,0,1,0
MANGUNHO,1,0,0,0
MANGUNHOS,8,0,1,0
MANGUNINHOS,0,0,1,0
MANQUINHO,1,0,0,0
MANQUINHOS,0,1,0,0
MANUINHOS,1,0,0,0
MAQNGUEIRA,2,0,0,0
MARACA,0,0,0,1
MARACACA,0,0,0,1
MARACAN,1,0,0,0
MARACANA,153,30,53,90
MARAE,1,0,0,0
MARCANA,0,1,0,0
MARCEHAL HERMES,1,0,0,0
MARCELLE CARVALHO RUSSO,1,0,0,0
MARCHAL HERMES,3,0,0,1
MARCILIO DIAS,1,0,0,1
MARE,10.259,2.357,2.915,1.503
MARE4,1,0,0,0
MARE BAIXA,1,0,0,0
MARE BAIXA DO SAPATEIRO,1,0,0,0
MARE BONSUCESSO,5,1,7,1
MARECCHAL HERMES,0,0,1,0
MARECHA,1,0,0,0
MARECHAEL HERMES,1,1,1,0
MARECHA HERMES,1,0,1,0
MARECHAL,5,1,0,1
MARECHAL HEMES,1,0,0,0
MARECHAL HERES,0,1,0,0
MARECHAL HERM,1,0,0,0
MARECHAL HERME,1,0,0,0
MARECHALHERMES,1,0,0,0
MARECHAL HERMES,1.969,312,408,408
MARECHAL HERMESRUA,1,0,0,0
MARECHAL HERMESS,1,0,0,0
MARECHAL HERNES,1,0,0,0
MARECHAL HERTMES,1,0,0,0
MARECHL HERMES,1,0,0,0
MAREE,1,0,1,0
MARE FOGO CRUZADO,1,0,0,0
MAREHAL HERMES,1,0,0,0
MARE MANGUINHOS,0,1,0,0
MARE MARCILIO DIAS,1,0,0,0
MARE NOVA HOLANDA,2,0,1,0
MARE NOVA HOLANDA BONSUCESSO,1,0,0,0
MARE PARQUE MARE,2,0,0,0
MARE PINHEIRO,0,1,1,0
MARE PISCINAO DE RAMOS,2,1,0,1
MARER,4,1,0,0
MARE RAMOS,7,1,1,0
MARE ROQUETE PINTO,1,0,0,0
MARE VILA DO JOAO,2,1,1,1
MARE VILA DO PINHEIRO,0,0,1,0
MARE VILA DOS PINHEIROS,2,0,1,0
MARIA DA GRAA,1,0,0,0
MARIA DA GRACA,228,21,52,60
MARIA DA GRACAS,1,0,0,0
MARIA GRACA,1,1,0,0
MARIOPOLIS,2,0,0,1
MARUREIRA,1,0,0,0
MATE,1,0,1,0
MATO ALTO,0,0,2,0
MATRE,1,0,0,0
MATRIZ,0,0,1,0
MAUREIRA,2,1,0,0
MDUREIRA,1,0,0,0
MEIER,1.378,24,165,332
MEIR,1,0,0,1
MENDANHA,0,0,1,0
MERE,2,0,0,0
MGALHAES BASTOS,0,0,1,0
MICHAEL CARDOSO,0,1,0,0
MIER,1,0,0,0
MILENA APARECIDA FABIANA,1,0,0,0
MJARECHAL HERMES,1,0,0,0
MMARE,0,1,0,0
MNAGUEIRA,4,0,0,0
MONERO,35,17,17,27
MORRO DA PROVIDENCIA,1,0,0,0
MORRO DO ADEUS,0,0,1,0
MQDUREIRA,0,0,0,1
MRE,0,1,2,0
MSDUREIRA,1,0,0,0
MUZEMA,3,2,5,3
NACIONAL,2,0,0,0
NADUREIRA,3,0,0,0
NAGALHAES BASTOS,1,0,0,0
NIL,1,0,0,0
NOGUEIRA,1,0,0,0
NOSSA SENHORA DAS GRACAS,3,0,2,1
NOVA ALIANCA,1,0,0,0
NOVA BRASILIA,5,2,1,0
NOVA HOLANA BONSUCESSO,1,0,0,0
NOVA HOLANDA,17,1,4,0
NOVA HOLANDA MARE,1,0,0,0
NOVA SEPETIBA,4,1,0,0
NOVA SEPETIBA 1,1,0,0,0
NTRO,0,0,1,0
Localidade não preenchida,0,0,0,1
OLARIA,2.33,226,488,538
OLARIIA,1,0,0,0
OLARIO,1,0,0,0
OLRIA,1,0,0,0
OMPLEXO DO ALEMAO,1,0,0,0
ONHOAIBA,1,0,0,0
ORACA SECA,1,0,0,0
OS,1,0,0,0
OSMOS,1,0,0,0
OS VALDO CRUZ,1,0,0,0
OSVALDO CRUZ,10,1,0,1
OSWADO CRUZ,1,1,0,1
OSWALD CRUZ,0,0,0,1
OSWALDO,1,1,0,0
OSWALDO CRU,1,0,0,0
OSWALDO CRUS,1,0,0,0
OSWALDO CRUZ,1.458,148,272,295
OSWALDO CRUZR,1,0,0,0
OSWALDO CUZ,1,0,0,0
OSWALDOMCRUZ,1,0,0,0
OSWALDP CRUZ,0,1,0,0
Localidade não preenchida,3,0,0,1
P0ACIENCIA,1,0,0,0
P0AVUNA,0,1,0,0
PA,1,0,0,0
PAARQUE ANCHIETA,1,0,0,0
PAAVUNA,0,0,1,0
PABUNA,1,0,0,0
PAC,1,1,0,0
PACA SECA,1,0,1,0
PACEICNIA,1,0,0,0
PACEINCIA,0,0,2,1
PACENCIA,2,0,0,1
PACI,2,0,0,0
PACIANCIA,1,0,0,0
PACIE,5,0,0,0
PACIECIA,10,1,2,0
PACIECNIA,2,0,0,0
PACIEENCIA,1,0,0,0
PACIEN,3,0,0,0
PACIENCA,1,1,2,2
PACIENCAI,1,0,0,0
PACIENCI,3,0,1,1
PACIENCIA,14.821,1.479,1.735,1.807
PAC IENCIA,0,0,0,1
PACIE NCIA,3,0,1,0
PACIENCIAESTRADA,1,0,0,0
PACIENCIA NOVA JERSEY,1,0,0,0
PACIENCIAP,1,0,0,0
PACIENCIARUA,8,0,1,1
PACIENCIA RUA,1,0,0,0
PACIENCIASANTA CRUZ,1,0,0,0
PACIENCOA,1,0,0,0
PACIENIA,1,0,1,0
PACIENICA,3,0,0,1
PACIENTE,1,0,0,0
PACINCIA,11,0,0,0
PACINECIA,1,0,1,0
PACIOENCIA,1,0,0,0
PACIRENCIA,1,0,0,0
PADRE,8,0,0,0
PADRE MGIUEL,1,0,0,0
PADRE MGUEL,1,0,0,0
PADRE MIGUEL,5.22,693,951,784
PADRE MIGUELR,0,0,0,1
PADRE MIGUELRU,1,0,0,0
PADRTE MIGUEL,1,0,0,0
PAIA DA BANDEIRA,0,0,1,0
PAICENCIA,1,0,0,0
PALMA,0,1,0,0
PALMARES,7,0,0,0
PAQCIENCIA,0,1,0,0
PAQUE,1,0,0,0
PAQUE ANCHIETA,0,0,1,0
PAQUETA,421,28,33,61
PAR,1,0,1,0
PARACA SECA,0,1,0,0
PARADA,1,0,0,0
PARADA DE LUCAS,1.859,278,406,303
PARADA DE LUCASRUA,1,0,0,0
PARADA DE LUZ,1,0,0,0
PARADA LUCAS,8,0,0,1
PARADAS DE LUCAS,5,0,0,0
PARAD DE LUCAS,1,0,0,0
PARDA DE LUCAS,4,0,0,0
PARE ANCHIETA,0,0,1,0
PARQU,1,0,0,0
PARQUE,2,0,0,0
PARQUE AANCHIETA,1,0,0,0
PARQUE ALEGRIA,1,0,0,0
PARQUE ANCHEITA,9,0,1,0
PARQUEANCHIETA,0,1,0,0
PARQUE ANCHIETA,1.221,221,284,354
PARQUE ANCHIETAR,1,0,0,0
PARQUE ANCHIETA RUA,0,1,0,0
PARQUE ANCHIIETA,0,0,0,1
PARQUE ANCHITA,1,0,0,1
PARQUE ANCHYIETA,1,0,0,0
PARQUE COLUMBI,1,0,0,0
PARQUE COLUMBIA,1.318,212,249,177
PARQUE COLUMBUIA,1,0,0,0
PARQUE COLUMIA,0,1,0,1
PARQUE DA CIDADE,19,2,6,1
PARQUE DA COLUMBIA,1,0,0,0
PARQUEE ANCHIETA,0,1,0,0
PARQUE EVEREST,1,0,0,0
PARQUE MARE,1,0,0,0
PARQUE OSVALDO CRUZ,2,0,0,1
PARQUE PROLETARIO DA PENHA,2,0,0,0
PARQUE UNIAO,6,0,1,0
PARQUE UNIAO MARE,2,0,0,0
PARQUQ ANCHIETA,1,0,0,0
PAULO CESAR SCHULZ DA ROCHA,0,0,1,0
PAUNA,1,0,0,0
PAUVNA,0,0,0,1
PAVUANA,1,0,0,0
PAVUINA,1,0,0,0
PAVUNA,5.986,1.055,1.49,1.089
PAVUN A,1,0,0,0
PAVUNHA,0,0,0,1
PCIANECIA,1,0,0,0
PCIENCIA,2,0,0,0
PECHICHA,1,0,0,1
PECHICNHA,0,0,0,1
PECHINCA,24,4,4,7
PECHINCHA,659,133,249,236
PECHINCHA JACAREPAGUA,0,0,0,1
PECHINCHA JPA,2,0,0,0
PECHUINCHA,0,1,0,1
PEDRA DE GRARATIBA,0,0,0,1
PEDRA DE GUARA,0,0,1,0
PEDRA DE GUARAMAR,1,0,0,0
PEDRA DE GUARATAIBA,2,1,0,0
PEDRA DEGUARATIBA,1,0,1,0
PEDRA DE GUARATIBA,965,175,285,237
PEDRA DE GUARTIBA,2,1,2,1
PEDRA DE GUAVRATIBA,0,1,0,0
PEDRA DE GURATIBA,3,0,0,0
PEDRA GUARATIBA,5,1,3,1
PEDRA GUARTIBA,1,0,0,0
PEDREIRA,1,0,0,0
PENAH,1,0,0,0
PENCHICA,0,0,0,1
PENDURA SAIA,1,0,0,0
PENH,1,0,0,0
PENHA,7.491,418,875,977
PENHA CICULAR,1,0,0,0
PENHA CIIRCULAR,2,0,0,0
PENHA CIR,1,0,0,0
PENHA CIRCILAR,1,0,0,0
PENHA CIRCLAR,3,0,2,2
PENHA CIRCUALR,0,0,1,0
PENHA CIRCULA,1,0,0,0
PENHA CIRCULAR,3.665,338,563,594
PENHA CIRCULAS,1,0,0,0
PENHA CIRCURLAR,0,0,1,0
PENHA CIRSULAR,1,0,0,0
PENHA CIRUCLAR,1,0,0,0
PENHA CRCULAR,1,0,0,0
PENHA CRICULAR,3,0,0,0
PEPCHINCHA,0,1,0,0
PERA DE GUARATIBA,1,0,0,0
PIALRES,3,0,0,0
PIDADE,1,0,1,0
PIE,1,0,0,0
PIEADE,1,0,0,0
PIEDADE,4.251,109,534,656
PIEDADE A,0,0,0,1
PIEDADEE,1,0,0,0
PIEDADES,2,0,0,0
PIEDAE,6,0,0,0
PIEDDAE,0,0,1,0
PIEDFADE,1,0,0,0
PILAREES,2,0,0,0
PILARES,2.124,70,270,337
PILRES,3,0,0,1
PINHEIRO,5,0,2,0
PINHEIROS,1,0,0,0
PINTANGUEIRAS,1,0,0,0
PINTO TELES,1,0,0,0
PIRAQUE,0,0,1,0
PISCINAO,1,0,0,0
PISCINAO DE RAMOS,0,0,0,1
PISCINAO RAMOS,1,0,0,0
PIS DE RAMOS,1,0,0,0
PITAGUEIRAS,0,0,1,0
PITANGUEIRA,16,6,7,2
PITANGUEIRAS,469,176,229,162
PITANGUEIRASRU,1,0,0,0
PITANGUERAS,1,0,0,0
PITANMGUEIRAS,1,0,0,0
PITANNGUEIRAS,1,0,0,0
PLARES,1,0,0,0
PORT,2,0,0,0
PORTUESA,0,0,1,0
PORTUGUESA,677,242,350,254
PORTUGUESAR,0,0,0,1
PORUTGUESA,0,0,1,0
PQUE COLUMBIA,1,0,0,0
PRA,3,0,1,2
PRAA,0,0,0,2
PRAA DA BANDEIRA,1,0,0,0
PRACA,1,1,1,0
PRACA DA,0,1,0,0
PRACA DA BANDEIRA,231,44,81,93
PRACA DA BANDERA,0,0,0,1
PRACA DA BIBLIA,1,0,0,0
PRACA ONZE,2,0,0,0
PR ACA SECA,1,0,0,0
PRACA SECA,4.426,765,1.255,920
PRACA SECA MATO ALTO,1,0,0,0
PRACAS SECA,0,0,0,1
PRAC SECA,1,0,0,1
PRAIA DA BANDEIRA,50,15,39,32
PRAIA DA BANDERIA,0,0,1,0
PRAIA DA BRISA,1,0,0,0
PRAIA DE RAMOS,1,0,0,0
PRAQCA SECA,0,0,0,1
PRA SECA,1,0,0,0
PRCA SECA,0,0,0,1
PROVIDENCIA,3,0,0,0
PROXIMO,1,0,0,0
PROXIMOPRO,0,0,0,1
PSCIENCIA,2,0,0,0
PTRACA SECA,1,0,0,0
P U,1,0,0,0
PVAUNA,1,0,0,0
QQ,0,0,1,0
QUARATIBA,1,0,0,0
QUINLTINO BOCAIUVA,1,0,0,0
QUINTANILHA,1,0,0,0
QUINTINHO BOCAIUVA,1,0,0,0
QUINTINI BOCAIUVA,4,0,0,0
QUINTINIO BOCAIUVA,1,0,0,0
QUINTINO,68,3,8,8
QUINTINO BACAIUVA,2,0,0,0
QUINTINO BGOCAIUVA,0,0,0,1
QUINTINO BOCAIUVA,1.437,143,273,301
QUINTINO BOCAIVA,7,1,3,0
QUINTINO BOCAQIUVA,1,0,0,0
QUINTINO BOCASIUVA,1,0,0,0
QUINTINO BOCAUIVA,2,0,0,0
QUINTINO BOLCAIUVA,1,0,0,0
QUINTINO BOVAIUVA,1,0,0,0
QUINTINO COCAIUVA,0,1,0,0
QUINTINO DE BOCAIU,0,0,1,0
QUINTINO DE BOCAIUVA,9,1,2,0
QUINTINO GBOCAIUVA,1,0,0,0
QUINTINO QUINTINO,2,0,0,0
QUINTUINO BOCAIUVA,1,0,0,0
QUIONTINO BOCAIUVA,1,0,0,0
Localidade não preenchida,1,0,0,0
R0CHA,2,0,0,0
RACHUELO,0,0,1,0
RAELENGO,1,0,0,0
RALENGO,1,0,1,0
RAMO,0,0,0,1
RAMOP,0,1,0,0
RAMOS,2.048,405,603,444
RA MOS,1,0,0,0
RAMOS PICINAO,1,0,0,0
RAMOS PISCINAO,3,0,1,1
RAQUEL UNIAO,1,0,0,0
RE,1,1,3,0
REA,3,1,0,0
REAELNGO,1,0,0,0
REAENGO,5,2,1,0
REAL,1,0,1,0
REALAENGO,2,0,0,0
REALEGO,2,1,2,2
REALENG0,1,0,0,0
REALENGO,13.244,1.523,2.516,2
REALENGO BATAN,3,0,0,0
REALENGOCENTRO,1,0,0,0
REALENGOI,1,0,0,1
REALENGORU,1,0,0,0
REALENNGO,1,0,0,0
REALENO,1,0,0,0
REALIDADE,1,0,0,0
REALLENGO,0,0,0,1
REALNGO,2,0,1,0
REALRNGO,1,0,0,0
RECR DOS BANDEIRANTES,1,0,0,0
RECREIO,35,0,4,5
RECREIO BEIRA RIO,1,0,0,0
RECREIO DE BANDEIRANTES,9,0,0,1
RECREIO DO BANDEIRANTES,1,0,0,1
RECREIO DOS BADEIRANTES,1,0,0,0
RECREIO DOS BAMNDEIRANTES,1,0,0,0
RECREIO DOS BANDEIERANTES,1,1,2,0
RECREIO DOS BANDEIRANENTES,0,0,1,0
RECREIO DOS BANDEIRANTAES,0,1,0,0
RECREIO DOS BANDEIRANTE,20,2,6,7
RECREIO DOS BANDEIRANTES,2.194,416,487,451
RECREIO DOS BANDEIRANTESRUA,6,0,1,0
RECREIO DOS BANDEIRANTRS,1,0,0,0
RECREIO DOS BANDEIRATES,1,1,0,0
RECREIO DOS BANDEIRAZNTES,0,0,0,1
RECREIO DOS BANDEIREANTES,1,0,0,0
RECREIO DOS BANDEIRNTES,1,0,0,0
RECREIO DOS BANDERANTES,0,0,1,0
RECREIO DOS BANDREIRANTGES,1,0,0,0
RECREO DOS BADEIRANTES,0,0,0,1
RECRIO DOS BANDEIRANTES,1,1,0,1
REEALENGO,1,0,0,0
RELAENGO,2,0,0,0
RELANEGO,3,0,0,1
RELENGO,7,1,0,1
REMOS,0,1,0,0
RERALENGO,1,0,0,0
RESLENGO,0,0,1,0
RIACARDO DE ALBUQUERQUE,2,0,0,0
RIACHELO,1,0,0,2
RIACHOELO,1,0,0,0
RIACHUELEO,0,0,1,0
RIACHUELO,341,23,76,95
RIACHULEO,1,0,0,0
RIBEIRA,35,16,21,19
RIC,1,0,0,0
RICADO DE ALBUQUERQUE,2,0,0,0
RICADO DE ALBUQUERQUER,0,0,1,0
RICAR,1,0,0,0
RICARD,0,0,0,1
RICARDO,6,1,0,1
RICARDO ALBIRQUERQUE,0,0,1,0
RICARDO ALBOQUERQUE,2,0,0,0
RICARDO ALBUQUERQUE,22,2,1,2
RICARDO ALBURQUERQUE,1,0,0,0
RICARDO DE,3,0,0,0
RICARDO DE AL,0,0,0,1
RICARDO DE ALBOQUERQUE,3,1,1,0
RICARDO DE ALBUQERQUE,3,0,0,2
RICARDO DE ALBUQEUERQUE,1,0,0,0
RICARDO DE ALBUQUERQ,1,1,0,0
RICARDO DE ALBUQUERQE,1,2,0,0
RICARDO DE ALBUQUERQUE,2.008,350,360,320
RICARDO DE ALBUQUERQUER,1,0,0,0
RICARDO DE ALBUQUERQUERUA,1,0,0,0
RICARDO DE ALBUQUERQUE RUA,1,0,0,0
RICARDO DE ALBUQUERQUUE,1,0,0,0
RICARDO DE ALBUQUERUE,1,0,0,0
RICARDO DE ALBUQUERUQUE,1,0,0,0
RICARDO DE ALBUQUQERQUQE,0,0,0,1
RICARDO DE ALBURQUEQUE,2,0,0,1
RICARDO DE ALBURQUERQUE,2,0,0,0
RICARDO DE ALBUUQERQUE,1,0,0,0
RICARDO DE ALUBUQUERQUE,1,1,1,0
RICARDO DE ALUQUERQUE,1,0,0,0
RICARDO DE LABUQUERQUE,1,0,0,0
RICHUAELO,1,0,0,0
RICHUELO,0,1,0,1
RICICARDO DE ALBUQUERQUE,1,0,0,0
RI COMPRIDO,1,0,0,0
RIIO DAS PEDRAS,0,1,0,0
RIO,1,0,0,0
RIOCINHA,0,0,1,0
RIO CO,0,0,1,0
RIO COIMPRIDO,0,0,0,1
RIO COMPRDIO,0,1,0,0
RIO COMPRDO,1,0,0,0
RIO COMPREIDO,1,0,0,1
RIO COMPRI,1,0,0,0
RIO COMPRIDO,2.861,477,652,601
RIO COM PRIDO,1,0,0,0
RIO COMRIDO,0,0,0,1
RIO COMRPDIO,1,0,0,0
RIO COMRPIDO,1,0,0,0
RIO CUMPRIDO,8,0,1,2
RIO DA PEDRAS,1,0,0,0
RIO DAS PDRAS,1,0,0,0
RIO DAS PEDRAS,203,69,93,30
RIO DAS PERAS,0,0,1,0
RIO DE JANEIRO,599,10,9,7
RIO DSA PEDRAS,0,0,1,0
RIOMCOMPRIDO,1,0,0,0
RIOM DAS PEDRAS,1,0,0,0
RIO OCMPRIDO,1,0,0,0
RIO OMPRIDO,3,0,0,0
RIQCHUELO,1,0,0,0
RMAOS,1,0,0,0
RO,3,0,0,0
RO0CINHA,0,1,0,0
ROCCINHA,1,0,0,0
ROCHA,1.162,63,183,164
ROCHA EMERGENCIAL,0,1,0,0
ROCHA MIIRANDA,4,0,1,1
ROCHA MIRANDA,3.157,296,476,553
ROCHA MITRANDA,5,0,0,1
ROCIANHA,3,0,0,0
ROCIHA,2,0,0,0
ROCINHA,6.983,642,1.051,949
ROC INHA,1,0,0,0
ROCINHA MATINHA DA ROCINHA,1,0,0,0
ROCINHAS,1,0,0,0
ROCINMHA,1,0,0,0
ROCNHA,1,0,1,0
RODHA MIRANDA,1,0,1,0
RODRIGO ROMUALDO DOS SANTOS SILVEIRO,1,0,0,0
ROICNHA,2,0,0,1
ROLAS,1,0,0,0
RUA,50,4,7,7
RUA CANDIDO MAGALHAES,1,0,0,0
RUA CHIQUINHA GONZAGA,1,0,0,0
RUA COMETA 4,1,0,0,0
RUA COMPRIDO,0,1,0,0
RUA DIAMANTE DO NORTE,1,0,0,0
RUA DO BISPO,0,0,0,1
RUA LEOPOLDO BULHOES 700,0,1,0,0
RUA LIMITES 1468,0,1,0,0
RUA MOZOLANDIA,0,0,1,0
RUA PROJETADA A,1,0,0,0
RUA TRINTA E UM DE JANEIRO N 1,1,0,0,0
RUA TUPINIQUINS,0,1,0,0
RUA VIEIRA DE ARAUJO,1,0,0,0
RUSANTA CRUZ,1,0,0,0
Localidade não preenchida,4,0,1,0
SA,5,2,1,0
SA0 CONRADO,3,0,0,0
SAANTA TERESA,0,0,0,1
SAANTA TERSA,4,1,0,0
SAANT CRUZ,1,0,0,0
SABNTA CRUZ,1,0,0,0
SABTA CRUZ,2,0,0,0
SALGGUEIRO,0,1,0,0
SAMAPIO,7,1,2,0
SAMPAIIO,1,0,0,0
SAMPAIO,1.512,85,186,161
SAMPAO,1,0,0,0
SAMPIAO,1,0,0,0
SAMPIO,0,0,1,0
SAMTA CRUZ,2,0,0,0
SAMTISSIMO,0,1,0,0
SAMYA CRUZ,1,0,0,0
SAN,7,0,0,0
SAN6A CRUZ,0,0,1,0
SANA CRUZ,2,1,1,0
SANADOR CAMARA,1,2,1,1
SANADOR VASCONCELOS,1,1,0,0
SANATA CRUZ,2,1,0,0
SANATA TERESA,0,0,0,1
SANAT CRUZ,23,1,2,3
SANA TERESA,0,0,1,0
SANAT TERESA,1,0,0,0
SANISSIMO,1,0,0,0
SANMTISSIMO,1,0,0,1
SANNTA CRUZ,2,0,1,0
SANOT CRISTO,1,0,0,0
SANRA CRUZ,0,0,1,0
SANT,1,0,0,0
SANTA,31,1,2,4
SANTA ACRUZ,1,0,0,0
SANTA C,1,0,0,0
SANTA CANDIDA,1,0,0,0
SANTAC CRUZ,0,1,0,0
SANTA CDRUZ,0,0,1,0
SANTA CR,1,0,0,0
SANTA CRAUZ,1,0,0,0
SANTA CREUZ,1,0,0,0
SANTA CRIUZ,2,1,0,0
SANTA CRIZ,6,0,0,2
SANTA CRRUZ,2,0,0,0
SANTA CRU,3,1,3,0
SANTA CRUA,4,1,0,0
SANTA CRUCRUZ,1,0,0,0
SANTA CRUIZ,3,0,0,0
SANTA CRUS,1,0,0,0
SANTA CRUX,1,0,0,0
SANTACRUZ,4,0,0,0
SA NTA CRUZ,1,0,0,0
SANT ACRUZ,5,0,0,0
SANTA CRUZ,29.983,2.475,3.857,3.694
SANTA C RUZ,1,0,0,2
SANTA CRU Z,1,0,0,0
SANTA CRUZ241,1,0,0,0
SANTA CRUZ B,1,0,0,0
SANTA CRUZCOPACABANA,1,0,0,0
SANTA CRUZN,2,0,0,0
SANTA CRUZ OUTROS,3,0,0,0
SANTA CRUZ RUA,0,0,0,1
SANTA CRUZS,1,0,0,0
SANTA CRYUZ,2,0,0,0
SANTA CRZ,3,0,1,0
SANTA CURZ,0,0,0,1
SANTA CUZ,16,2,2,0
SANTA EFIGENIA,1,0,0,0
SANTA MARGARIDA,2,1,0,0
SANTA RUZ,2,0,0,0
SANTAS CRUZ,11,1,0,0
SANTA TER4ESA,0,0,1,0
SANTATERESA,1,0,0,0
SAN TA TERESA,1,0,0,0
SANTA TERESA,2.845,243,497,492
SANTA TE RESA,0,0,1,0
SANTA TERESA B,4,0,0,0
SANTA TERESA R,1,0,0,0
SANTA TERESA RUA,1,0,0,0
SANTA TERESAS,1,0,0,0
SANTA TERESSA,1,0,0,0
SANTA TEREZA,14,1,1,3
SANTA TERSA,1,0,1,0
SANTA TERTESA,1,0,0,0
SANTA TRERESA,2,0,0,0
SANTA TRESA,2,0,1,0
SANTBISSIMO,1,0,0,0
SANT CRUZ,5,0,0,0
SANTERESA,1,0,0,0
SANTE TERESA,0,0,1,0
SANTI,1,0,0,0
SANTISIMO,6,0,1,0
SANTISISMO,2,0,1,1
SANTISSIMO,4.416,647,641,715
SA NTISSIMO,0,1,0,0
SANTISSI MO,1,0,0,0
SANTISSIMO9,1,0,0,0
SANTISSIMO RU,1,0,0,0
SANTISSIMOSANTISIS,0,0,1,0
SANTISSIO,1,0,0,0
SANTISSMO,5,1,0,0
SANTISSO,1,1,2,0
SANTISSSIMO,3,0,0,0
SANTO,2,0,0,1
SANTO AMARO,1,0,0,0
SANTO CRISTO,2.105,65,151,260
SANTO CRISTTO,1,0,0,0
SANTOS CRISTO,5,0,1,0
SANTQ CRUZ,1,0,0,0
SANTRA CRUZ,1,0,0,1
SANTSSIMO,2,0,0,0
SANTZ CRUZ,0,0,1,0
SAO CARLOS,3,0,0,0
SAO CONRAD0,1,0,0,0
SAO CONRADO,134,7,36,25
SAO CO NRADO,1,0,0,0
SAO CRISTIOVAO,1,0,0,0
SAO CRISTOVAAO,1,0,0,0
SAO CRISTOVAN,0,0,0,1
SAO CRISTOVAO,3.29,227,430,482
SAO CRISTOV AO,1,0,0,0
SAO CRISTOVAO A,1,0,0,0
SAO CRITOVAO,4,0,0,0
SAO CRSITOVAO,1,0,0,0
SAO CRSTOVAO,1,0,0,0
SAO CRTISTOVAO,0,0,0,1
SAO FRACISCO CHAVIER,1,0,0,0
SAO FRACISCO XAVIER,4,0,0,1
SAO FRANCICO XAVIER,2,0,0,0
SAO FRANCIDCO XAVIER,0,0,0,1
SAO FRANCISCO,1,0,0,0
SAO FRANCISCO JOBIM,0,0,1,0
SAO FRANCISCO XAVIER,322,15,45,76
SAO FRANCSICO XAVIER,0,0,1,0
SAO FRANSCISCO XAVIER,0,0,1,0
SAO FRANSICO XAVIER,1,0,0,0
SAO FRNCISCO XAVIER,2,0,1,0
SAO JOAO DE MERITI,0,0,0,1
SAPAIO,0,1,0,0
SAQBTA CRUZ,1,0,0,0
SATACRUZ,1,0,0,0
SATA CRUZ,6,0,0,0
SATANT CRUZ,1,0,0,0
SATA TERESA,1,0,0,0
SATISSIMO,2,1,2,0
SAUDE,364,8,23,31
SAUDO,1,0,0,0
SDENADOR VASCONCELOS,1,0,0,0
SE,2,0,0,0
SE3NADOR CAMARA,1,0,0,0
SE4NADOR CAMARA,1,0,0,0
SEANDOR CAMARA,1,0,0,0
SEEPTIBA,1,0,0,0
SEETIBA,2,0,0,1
SEMADOR CAMARA,0,0,0,1
SENA,1,0,0,0
SENAADOR CAMARA,1,0,0,0
SENA CAMARA,1,0,0,0
SENADO CAMARA,3,0,0,1
SENADOE CAMARA,1,0,0,0
SENADOR,5,1,0,1
SENADOR AUGUSTO VASCONCELOS,4,0,0,0
SENADOR CAAMARA,0,0,1,0
SENADOR CAARA,0,1,0,0
SENADOR CAMAAR,1,0,0,0
SENADOR CAMAR,8,1,1,1
SENADORCAMARA,0,1,0,0
SEN ADOR CAMARA,3,0,0,0
SENADOR CAMARA,9.136,2.044,1.766,1.303
SENADOR CAM ARA,1,0,0,0
SENADOR CAMARAR,1,0,0,0
SENADOR CAMRA,4,1,0,1
SENADOR VACONCELOS,5,0,0,0
SENADOR VASACONCELOS,0,0,0,1
SENADOR VASCOCELOS,3,0,0,0
SENADOR VASCOCNELOS,3,0,0,0
SENADOR VASCONCEL0S,0,1,0,0
SENADOR VASCONCELLOS,1,0,0,0
SENADOR VASCONCELO,1,0,0,0
SENADOR VASCONCELO9S,1,0,0,0
SENADOR VASCONCELOS,2.385,193,387,405
SENADOR VASCON CELOS,1,0,0,0
SENADOR VASCONCELOS RJ,1,0,0,0
SENADOR VASCONCELSO,0,1,0,0
SENADOR VASCONCEOS,0,1,0,0
SENADOR VASCONCLOS,0,1,0,0
SENADOR VASCONELOS,2,0,0,0
SENADOR VASENCELOS,0,0,1,0
SENADOR VASONCELOS,3,0,0,0
SENADOS VASCONCELOS,1,0,0,0
SENADRO VASCONCELOS,2,0,0,0
SENANDOR CAMARA,1,0,0,0
SENANDOR VACCONCELOS,1,0,0,0
SENANDOR VASCONCELOS,2,0,0,0
SENAOR CAMARA,0,2,0,0
SENARDOR CAMARA,1,0,0,0
SENASOR CAMARA,1,0,0,0
SENDOR CAMARA,3,0,0,1
SENDOR VASCONCELOS,2,0,0,0
SENHADOR CAMARA,0,0,0,1
SENNADOR CAMARA,1,0,0,0
SEN VASCONCELOS,1,0,0,1
SEPE,1,0,0,2
SEPEIBA,1,0,0,0
SEPEITBA,0,1,0,0
SEPEPTIBA,0,0,1,0
SEPETBA,1,0,1,0
SEPETIA,3,0,0,0
SEPETIB,3,0,0,0
SEPETIBA,10.428,418,820,989
SEPETIBAQ,2,0,0,0
SEPETIBASEPET,1,0,0,0
SEPTIBA,8,0,0,0
SERNADOR CAMARA,1,0,0,0
SITIO,1,0,0,0
SMPAIO,1,0,0,0
SNADOR CAMARA,0,0,1,0
SNADOR VASCONCELOS,1,0,0,0
SNATA CRUZ,1,0,1,0
SNATISSIMO,2,0,0,0
SNEDOR CAMARA,1,0,0,0
SNTA CRUZ,2,0,0,1
SNTISSIMO,4,0,0,0
SOBRADO,1,0,0,0
SOSSEGO,1,0,0,0
SPEETIBA,1,0,0,0
SPETIBA,3,0,0,0
SSANTA TERESA,1,0,0,1
SSNTS CRUZ,0,0,1,0
STA CRUZ,1,0,0,0
SUADE,1,0,0,0
SULACAP,11,2,5,1
SWANTA CRUZ,1,0,0,0
SZANTA TERESA,1,0,0,0
Localidade não preenchida,9,2,1,4
TA,2,0,0,0
TAMQUE,2,0,0,0
TAN,1,0,0,0
TANQUE,2.774,550,780,587
TANQUE JACAREPAGUA,0,0,1,0
TANQUIE,1,0,0,0
TAQ,0,0,0,1
TAQNUE,1,0,0,0
TAQU,0,0,2,0
TAQUA,0,0,0,1
TAQUAR,0,0,0,1
TAQUARA,5.844,1.03,2.039,1.74
TAQUARA COLONIA,1,0,0,0
TAQUARA IPADU,0,0,0,1
TAQUARA JACAREGUA,0,0,2,1
TAQUARA JACAREPAQUA,1,0,0,0
TAQUERA,0,1,0,0
TAQURA,6,0,0,1
TAU,2,0,0,0
TAUA,1.425,475,573,384
TAUQARA,0,0,0,1
TEIXEIRA,1,0,0,0
TERRA ENCANTADA,0,0,1,0
TERRIO,1,0,0,0
THOMAS COELHO,4,1,0,1
THOMAZ COELHO,1,0,0,0
TI,1,0,0,0
TIJCUA,1,0,0,0
TIJUCA,2.82,747,1.144,1.057
TIJUQUINHA,4,0,1,0
TIJUYCA,1,0,0,0
TIMAS COELHO,1,0,0,0
TIMBAU,1,0,0,0
TIROL,0,0,1,0
TIUCA,0,0,1,0
TIUJCA,1,0,0,0
TODOS DOS SANTOS,1,0,0,0
TODOS OS SANTOS,457,15,77,113
TODOS SO SANTOS,1,0,0,0
TODOS SOS SANTOS,1,0,0,0
TOM,1,0,0,0
TOMA,0,0,1,0
TOMA COELHO,1,0,0,0
TOMAS,0,0,0,1
TOMAS COE,1,0,0,0
TOMAS COEL,1,0,0,0
TOMAS COELHO,1.915,50,275,267
TOMAS COELHPO,2,0,0,0
TOMAS COLEHO,3,0,1,1
TOMAZ COELHO,3,0,0,1
TRAVESSA,2,0,0,0
TRIAGEM,4,0,0,0
TRUACU,1,0,0,0
TUA,1,0,0,0
TUBIACANGA,4,2,3,1
TUIUTI,3,0,0,0
TURACU,1,0,0,0
TURANO,1,0,0,0
TURIA,2,0,0,0
TURIACU,1.164,105,166,167
TURIACUA,0,0,0,1
TURIAU,0,0,0,1
TURICU,2,0,0,0
UADALUPE,0,0,1,0
UJARDIM SULACAP,1,0,0,0
URCA,39,2,7,22
URU,1,0,0,0
URUCANIA,2,0,0,0
USINA,0,0,0,1
Localidade não preenchida,2,0,0,0
VAGEM GRANDE,0,2,0,0
VALQUEIRE,1,0,1,0
VAQRGEM GRANDE,1,0,0,0
VAR,0,0,1,0
VAREGM PEQUENA,0,1,1,0
VARGEM GANDE,1,0,0,0
VARGEM GARNDE,1,1,0,0
VARGEM GRADE,0,0,1,0
VARGEM GRAND,1,0,0,0
VARGEM GRANDE,1.414,292,323,264
VARGEM GRANDEES,1,0,0,0
VARGEM GRANDER,1,0,0,0
VARGEM GRANHDE,0,0,0,1
V ARGEM PEQUENA,3,0,1,0
VARGEM PEQUENA,2.638,494,606,457
VARGEM PEQUEN A,1,0,0,0
VARGEM PEQUENAAVE,0,0,1,0
VARGEM PEQUNA,1,0,1,0
VARGEM PEQURENA,1,0,0,0
VARGE PEQUENA,0,0,1,0
VAS,1,0,0,0
VASCO DA GAMA,1.355,166,240,209
VASCONCELOS,1,0,0,1
VAZ BOBO,1,0,0,0
VAZL LOBO,1,0,0,0
VAZ LOB,1,0,0,0
VAZLOBO,1,0,1,0
VA Z LOBO,0,2,0,0
VAZ LOBO,1.124,128,178,177
VAZ LOBO 1,1,0,0,0
VAZ LOBOQ,1,0,0,0
VAZ OBO,1,0,0,0
VB,1,0,0,0
VENDA DE VARANDA,1,1,0,0
VI,2,0,1,1
VIA DA PENHA,1,0,0,0
VIAGARIO GERAL,1,0,0,0
VIA ISABEL,2,0,0,0
VIA KENNEDY,1,0,0,1
VIA KOSMOS,1,0,0,0
VIAL ISABEL,0,0,0,3
VICE,1,0,0,0
VICENTE,0,0,1,0
VICENTE CARVALHO,14,3,6,2
VICENTE D CARVALHO,0,0,0,1
VICENTE DE CAERVALHO,1,0,0,0
VICENTE DE CARAVLHO,1,0,0,0
VICENTE DE CARVAHO,1,0,0,1
VICENTE DE CARVALHO,1.593,279,317,276
VICENTE DE C ARVALHO,0,0,0,1
VICENTE DE CARVALHON,0,0,1,0
VICENTE DE CARVALO,1,0,0,0
VICENTE DE CARVLHAO,0,1,0,0
VICENTE DE CARVLHO,1,0,0,0
VICENTE DE CRVALHO,1,0,1,0
VICENTE DER CARVALHO,1,0,0,0
VICENTE DE VARVALHO,0,0,1,0
VICNTE DE CARVCALHO,1,0,0,0
VID8GAL,0,0,1,0
VIDEIGAL,0,0,1,0
VIDIAGAL,1,0,1,0
VIDIGAL,1.56,130,356,264
VIDIGL,1,0,0,0
VIECENTE DE CARVALHO,1,0,0,0
VIGA,1,0,0,0
VIGARAL GERAL,1,0,0,0
VIGARE GERAL,0,0,0,1
VIGARIA,1,0,0,0
VIGARIA GERAL,2,0,0,0
VIGARI GERAL,1,0,0,0
VIGARIO,2,0,0,0
VIGARIO GERAL,3.328,385,692,540
VIGARIO GERLA,1,0,0,0
VIGERAL GERAL,0,0,0,1
VIGRIO GERAL,6,0,0,1
VIIDGAL,2,0,0,0
VIIDIGAL,0,1,0,0
VILA,4,0,0,0
VILA 4 BLOCO 6 APTO301,0,0,1,0
VILA ALIANCA,20,2,1,1
VILA CANOAS,4,0,1,0
VILA CANOAS SAO CONRADO,1,0,0,0
VILA CATIRI,1,0,0,0
VILA COSMO,1,0,0,0
VILA COSMOS,7,0,1,5
VILA CRUZEIRO,1,0,0,0
VILA DA PAZ,1,0,0,0
VILA DA PEMHA,0,0,0,1
VILA DA PENA,1,0,1,0
VILA DA PENHA,390,88,169,198
VILA DE PENHA,0,0,0,1
VILA DO JOAO,2,1,0,0
VILA DO JOAO MARE,1,0,0,0
VILA DO PINHEIRO,4,0,0,0
VILA DO PINHEIRO MARE,2,0,0,0
VILA DOS PINHEIROS,2,2,0,1
VILA ELDORADO,1,0,0,0
VILA ENNEDY,1,0,0,0
VILA ESPENCA,0,0,1,0
VILA ESPERANCA,1,0,0,0
VILA ESPERANCA JARDIM AMERICA,1,0,0,0
VILAGE,3,0,0,0
VILAGE PAVUNA,0,0,0,1
VILA IABEL,1,0,0,0
VILA ISA,0,0,0,1
VILA ISAB3L,1,0,0,0
VILA ISABAEL,1,0,0,0
VILA ISABE,0,0,0,1
VIL A ISABEL,10,2,1,0
VILA ISABEL,2.951,432,637,553
VILA I SABEL,1,0,0,0
VILA ISABELRURU,1,0,0,0
VILA ISABEWL,0,0,1,0
VILA ISABL,2,0,0,0
VILA ISABRL,1,0,0,0
VILA ISAEBL,1,0,0,0
VIL A ISANEL,0,0,1,0
VILA ISBAEL,1,0,0,0
VIL A ISBEL,1,0,0,0
VILA ISBEL,1,0,0,0
VILA JOAO,0,0,1,0
VILA JUREMA,1,0,0,0
VILA KE,1,0,0,0
VILA KENEDDY,2,0,0,0
VILA KENEDY,3,0,0,0
VILA KENENDY,2,0,0,0
VILA KENNDEDY,1,0,0,0
VILA KENNDY,6,0,0,0
VILA KENNED,2,0,1,0
VILA KENNEDY,6.379,330,482,491
VILA KENNEDY BANGU,0,2,0,0
VILA KENNEDYES,1,0,0,0
VILA KENNENDY,4,0,3,1
VILA KENNNEDY,2,0,0,1
VILA KENNYDI,1,0,0,0
VILA KKENNEDY,1,0,0,0
VILA KOMOS,1,0,0,0
VILA KOSMO,7,0,3,2
VILA KOSMOS,609,136,214,146
VILA KSOMOS,0,1,0,0
VILA METRAL,1,0,0,0
VILA MILITAR,194,29,33,27
VILA MILLITAR,1,0,0,0
VILA MLITAR,0,0,0,1
VILA PA PENHA,1,0,0,0
VILAR CARIOCA,1,0,0,0
VILA SAPE,1,0,0,0
VILA SIABEL,0,0,1,0
VILAS KOSMOS,0,0,0,1
VILA VALQUEIRA,1,1,0,0
VILA VALQUEIRE,1.107,212,356,271
VILA VALQUEIRO,0,1,0,0
VILA VERDE,1,0,0,0
VILA VIKENNEDY,1,0,0,0
VILA VINTEM,2,0,0,0
VIL ISABEL,0,0,1,0
VIL KENNEDY,1,0,0,0
VILLAGE PAVUNA,1,1,1,0
VILLA KENNEDY,3,0,0,0
VILLA KOSMO,1,0,0,0
VILS KOSMOS,1,0,0,0
VINICIUS MACHADO PENA,0,0,1,0
VIRGEM PEQUENA,1,0,0,0
VISA ISABEL,0,0,1,0
VIS ALEGRE,1,0,0,0
VISTA ALEGRE,246,48,98,99
VISTO ALEGRE,0,0,1,0
VIVENTE DE CARVALHO,0,0,1,0
VIVIGARIO GERAL,4,0,0,1
VLA ISABEL,1,0,0,0
VL VALQUEIRE,0,0,1,0
VOLA KENNEDY,0,1,0,0
VOLA KOSMOS,0,0,1,0
WESLEN CLAUDINO DA SILVA,1,0,0,0
WSSSSSDZX,1,0,0,0
Localidade não preenchida,1,0,0,0
XAMPO GRANDE,0,0,0,1
YASMIN MARQUES GUIMARAES,0,0,0,1
ZONA NORTE,1,0,0,0
ZUMBI,16,15,14,14
Localidade não preenchida,9,0,1,0
Total,448.857,56.234,84.047,74.566
